first_name,last_name
Monika,Widdows
Delly,Mattiuzzi
Birgitta,Seaborne
Christophe,Metterick
Norah,Pomfret
Robin,Chevalier
Pedro,Bernocchi
Faith,Southam
Prentice,Hullin
Emmi,Angerstein
Marlene,Petchey
Ronda,Danser
Maryanne,Klugel
Harriot,Cairns
Shaine,Ortsmann
Lezley,Carbert
Vivian,Gorringe
Trixi,MacKean
Antonio,Maxsted
Nestor,Rishman
Ulrika,Bayns
Saxon,Hendriksen
Laurence,Mark
Lyell,Piechnik
Orella,Coughlin
Wright,Burbank
Wylie,Van der Velden
Anatola,Drinkall
Bertie,Hawe
Emmet,O'Curran
Allison,Higginbottam
Nevil,Durek
Blanch,Filippo
Robbi,Gravenell
Nickey,Laydon
George,Fredi
Maddie,Grzeszczyk
Carie,Gryglewski
Rosella,Hitzke
Gipsy,Ville
Pauletta,Belfelt
Janice,Circuitt
Bartolomeo,Ivankov
Eugenie,Platt
Gracia,Cater
Alvera,Loudiane
Henderson,Harby
Wylie,Room
Eileen,Burchell
Jon,Scapens
Cherise,Durrans
Vonni,Gartin
Rowena,Le feaver
Gisele,Mariette
Bo,Seeborne
Cornie,Caldero
Trixy,Saggs
Tobin,Plascott
Keir,Dykes
Tanya,Ohanessian
Bartholomew,Habben
Hughie,Bohlens
Hussein,Roubottom
Langston,Schops
Huntley,Eye
Hatty,Luff
Darell,Sherbrook
Crissy,Goomes
Guendolen,Fradgley
Mead,Clapshaw
Quint,Sandever
Aguistin,Lill
Joye,Abbet
Jacquelin,Cockman
Cece,Whitelock
Lorrin,Ditchett
Ainslie,Prynne
Georgi,Carley
Gianina,Wildber
Baryram,Ogglebie
Guilbert,Dechelle
Wilone,Dingsdale
Dona,Tolcharde
Irwin,Castelluzzi
Biron,McGahey
Garvey,Vokins
Beth,Stallion
Barbra,Accomb
Melita,Cameli
Karolina,Perham
Maury,Arndtsen
Kale,Morlon
Jonathon,Curston
Lorene,Holleran
Clemens,Worman
Galvan,Syseland
York,Brosetti
Rikki,Coltan
Alberik,Gebb
Arthur,McVicker
Kendrick,Bergstram
Winonah,Blazek
Gradeigh,Spaice
Susanna,Welchman
Lorry,Coltherd
Kaitlynn,Timmins
Antonin,Reede
Penelope,Ancliff
Corrinne,MacCauley
Suzann,Brabin
Nollie,Rothon
Ade,Craythorne
Germaine,Fullwood
Abbey,Cannam
Eal,Johansen
Riobard,Stonelake
Annabell,Laurance
Wilden,Ennever
Ardath,Raithby
Juline,Bunner
Andee,Kastel
Grantley,Nuttall
Joly,Cadge
Beauregard,Edgecombe
Jack,Stranio
Saxe,Scafe
Niki,Ayars
Xenia,Kinder
Leann,Bellew
Ewen,Cardenoza
Bibi,Suddock
Lanie,Beavon
Mira,Stampe
Merrielle,Yeowell
Jocko,Woodward
Salomo,Greeveson
Anderea,McIlharga
Horst,Carde
Anderea,Thurner
Seana,Cadogan
Kellie,Brislen
Orin,O'Meara
Sascha,Hauxwell
Gavra,Yushkov
Jenna,Wraith
Ruperto,Southway
Sigfrid,Lightowlers
Leoline,Sainz
Garv,McKeand
Sydney,Conre
Lorianna,Joubert
Deny,Durrand
Trina,Castle
Charita,Amesbury
Olav,McQuirk
Wesley,O'Heneghan
Beauregard,Blasi
Charlton,Yeardsley
Bobine,Kreutzer
Anabelle,Swyer
Latia,Gooder
Fidelia,Hlavecek
Tucky,Alcoran
Millisent,Jindacek
Suzy,Blackader
Rubin,Dubble
Letta,Wakeford
Colleen,Heller
Conrado,Yeude
Ferrell,Tamburo
Natka,McAughtrie
Ephrayim,Bellchamber
Ingaborg,Escalera
Jeanne,Zincke
Fidelio,Purchall
Celestia,Lansbury
Sigismund,Spinozzi
Krista,Boulton
Trent,Di Biasi
Daron,Pitchers
Pearce,Tocher
Enid,Heckner
Lethia,Traylen
Dulcia,Aughtie
Cliff,Rockingham
Danie,Morris
Jerrine,Bate
Wolfgang,Metrick
Burk,Stockhill
Ambros,MacCourt
Tallia,Quinnette
Aldwin,Sherred
Jeremie,Viccars
Flss,Standring
Ingrim,Mence
Prudy,McCreagh
Patsy,Gilphillan
Shelley,Creane
Libbie,Dur
Glynis,Manser
Albertina,Turbard
Kendall,Dybald
Griswold,Coil
Millard,Clyburn
Ansel,Teresse
Fax,Vashchenko
Norri,Jolliff
Reggie,Howship
Aldous,Hyett
Zebulon,Haldon
Paulo,Perl
Jillian,Muehler
Noach,Evert
Torey,Leader
Daryn,Pontain
Linnie,Redmore
Jenny,Laxen
Robby,Cartledge
Gloriane,Farncomb
Becky,Peppin
Rhodie,Gaudin
Clayborn,Colebourne
Berta,Olyfant
Alissa,MacDuffie
Curry,Huntress
Dorothee,Haulkham
Dasha,Hanshaw
Andromache,Gullam
Constantine,Coverly
Worthy,Duns
Callie,Schnieder
Tera,Lauritsen
Benjamin,Hamer
Adams,O'Rourke
Claudetta,Cruikshank
Khalil,Rusbridge
Valry,Kaye
Alaster,Dakers
Ruttger,Witnall
Gladys,Hanniger
Flint,Glavis
Yancey,Bosanko
Amby,Benyan
Avigdor,O' Meara
Margalit,Hayley
Florry,Kisby
Christophe,Jordeson
Daffy,Sillis
Gaby,Foyston
Garv,Nicholas
Patrizio,Astbery
Heidie,Clemoes
Lefty,Morena
Maritsa,Smissen
Clive,Rosenshine
Hyacinthe,Leward
Korry,Anderer
Humbert,O'Feeney
Beale,Rummings
Krispin,Cawkill
Mandy,May
Cortney,Jennins
Adella,Dellatorre
Beth,Crehan
Roth,Fincham
Carolann,Bruckstein
Alice,Beric
Lucian,Duchateau
Leeland,Rantoul
Lucia,Wardhaw
Luisa,Wooler
Selena,Middis
Marge,Patey
Kari,Liversley
Glenna,Etty
Juan,Elford
Josefina,Yegorchenkov
Leta,Radin
Martina,Jime
Salomone,Scotting
Konstanze,Bumby
Guinna,Hanlin
Henriette,Heckle
Idette,Gallie
Genny,Monroe
Hyacinth,Cottisford
Cecilia,Van Waadenburg
Vin,Diamond
Frasco,Ballaam
Erica,Conibeer
Tally,Readmire
Anica,Lount
Cliff,Aymerich
Emalee,Espasa
Debbi,Fliege
Clayson,Cowndley
Ursa,Sunshine
Shelagh,Snaddin
Brion,Craney
Norrie,Bestwick
Eva,Tomasicchio
Goldina,Juliano
Muffin,Kenefick
Janessa,Probey
Kamila,Keyson
Kermie,Roote
Tami,Valentinetti
Saudra,Tomaszczyk
Frederigo,O'Doran
Granville,Vescovo
Sherman,Boxer
Shelba,McNeely
Elonore,Britch
Kristopher,Lippatt
Maegan,Hunnybun
Dean,Prendeguest
Audi,Powell
Vinny,Bruno
Lena,Crix
Frasier,Weatherby
Maurise,Pallesen
Pancho,Hanrahan
Roanne,Clewett
Falito,Learmonth
Kathleen,Acutt
Joye,Basilone
Davie,Palser
Lay,Wasmer
Anselm,Dunstone
Keen,Bellham
Malchy,Winnister
Adelina,Rylatt
Arne,Massy
Jamil,Fayerman
Tedmund,Buxsy
Jerrylee,Disley
Jordain,Ayshford
Tedi,Garling
Euphemia,Stubbings
Dee dee,Laxtonne
Meryl,Schnitter
Justin,Timbrell
Hillard,Fance
Ashlen,Szepe
Constancy,Gossage
Essie,Radage
Brien,Frayne
Rowena,Pilpovic
Rafi,Broader
Darby,Cordelette
Milly,Jeyes
Bonni,Nibley
Rhianon,Gales
Regen,Kasting
Merrill,Seabrooke
Justinian,Ranson
Roda,Coltherd
Fulton,Scotts
Natty,Fritschmann
Chandal,Josephov
Bertram,Chataignier
Raynor,Macken
Bing,Swatten
Davita,Linn
Benedicta,Probey
Oren,Chaplain
Brander,Haynesford
Kayle,Rayner
Lalo,Anfonsi
Neel,Beushaw
Muriel,Messier
Cindee,Seares
Burke,Jaine
Ogden,Tattam
Raynard,Finding
Reuven,Nowland
Renaldo,Ballard
Susanna,Amesbury
Barrie,Gummary
Xenos,Cardillo
Ode,Van Saltsberg
Blair,McGriffin
Cammy,Zorer
Cal,Eason
Shayne,Bagg
Temple,McCreery
Minne,Coslett
Fredelia,Dell Casa
Constanta,O'Cassidy
Evelyn,Bolesma
Stephen,Ruffli
Selina,Sevior
Mirabel,Slessor
Tam,Janew
Buffy,Tomisch
Elmira,Bellini
Anatola,Ubee
Jethro,Coopman
Rand,Ragsdall
Ali,Ongin
Bordy,Swancock
Tore,Edes
Earlie,Applegarth
Tonia,Morad
Arel,Ashforth
Sid,Dudding
Tisha,Uvedale
Neils,Fricker
Adriane,Weatherley
Cleavland,Stairs
Rennie,Odney
Frank,Capron
Brannon,Bratten
Adrian,Blunt
Joseph,Bonifazio
Chan,Fawckner
Aymer,Barabisch
Huntington,Cream
Larina,Ludwikiewicz
Cris,Westrey
Eldin,Chomiszewski
David,Scard
Audrey,Vousden
Vinnie,Brazer
Tilda,Alabastar
Karita,Hutten
Manon,Tytcomb
Kaela,Camfield
Lindie,Elcott
Lizabeth,Bowstead
Chickie,Caroli
Saloma,Frankcomb
Dacy,Cotherill
Celisse,Blabber
Poul,Whorall
Bebe,Champneys
Tomlin,Cauley
Myron,Haseman
Gawen,Marsie
Willem,Whittlesey
Elena,Kerley
Bertie,Airton
Nobie,Wetherburn
Marty,Gronaver
Iseabal,Oldroyde
Gilberta,Pollendine
Laurence,Corballis
Bondie,Beldon
Rafael,Gebbie
Chaunce,Moyse
Annamaria,Innman
Pennie,Aitkenhead
Devonne,Eaden
Tobit,Dykes
Zacherie,McGennis
Elaina,Beaten
Benedick,Gonoude
Rubin,Skyrme
Andrej,Peschke
Billi,Benterman
Falkner,Shercliff
Alec,Tydd
Gorden,Northage
Kelwin,Howgego
Veriee,Wescott
Rodina,Blanchard
Shay,Liddiatt
Lyndel,Franceschino
Inge,Beaument
Mellisent,Culkin
Dulce,Tuiller
Darline,Rhys
Freddie,Stimson
Karoly,Bazely
Hermia,Itzcak
Matti,Bridden
Esther,Dobing
Reyna,Wetherald
Farrell,Kirke
Garner,Weber
Elspeth,Bodemeaid
Aldwin,Abrey
Imogene,Syalvester
Wes,Cavet
Manon,Chafney
Esmaria,Marc
Rosalinda,Carolan
Melina,Wingar
Baxter,Cochran
Way,Howson
Corbett,Jirasek
Colette,Ceyssen
Charisse,Demonge
Nicolais,Zealander
Ingeberg,Byrd
Renata,Lyness
Heida,Krzyzaniak
Laverna,Breffit
Marian,Lonergan
Anabella,Whates
Zeke,Bour
Alayne,Karleman
Rosana,Eckley
Lyndy,Gladeche
Morse,Rickaby
Veronique,Katte
Huntley,Hounsome
Kenna,Willingale
Micaela,Vasilik
Bettina,Cheavin
Teddi,Salla
Emmi,Jubert
Gage,Klampt
Lolly,Thomerson
Sapphire,Jealous
Ram,Lattimer
Ofilia,Brettor
Tarrance,Stanbra
Lavina,Jelf
Hermione,Netting
Adi,Plimmer
Araldo,McKague
Korie,Rubega
Jeth,Addey
Rey,Anten
Shawnee,Le Gallo
Caroljean,Kinch
Collin,Dionisi
Jolie,Whitnell
Mar,Bendson
Margarete,Parramore
Prentice,Capes
Dinnie,McManamon
Washington,Triplet
Pasquale,Stepto
Walliw,Maffey
Link,Grotty
Tessie,Aspole
Irving,Van Hesteren
Amandi,Leades
Gusella,Peile
Blythe,Jeffryes
Rickie,Dripp
Babs,Baldi
Scarlett,Stickles
Jackson,Broad
Northrup,Ketchaside
Alasteir,Blackaller
Ferdinande,Tranckle
Manon,Avrahamian
Elnore,Umpleby
Wilona,Neylon
Aleksandr,Drinkhill
Ilka,Mullaly
Raoul,Brearley
Sharl,Chiswell
Rance,Woodburn
Afton,Stuttman
Charlot,Nazer
Cecelia,Worstall
Carleen,Patient
Liam,Oleszkiewicz
Myrvyn,Leban
Mark,Beardow
Roxanna,Cubbino
Tremain,McGuiney
Jeffy,Ballham
Sandie,Craythorne
Marthena,Skeffington
Charmion,Rama
Min,Popescu
Julie,Triggs
Perri,Arnaez
Millisent,Sandal
Salmon,Gotts
Harper,Amsberger
Haily,Simonutti
Salomi,Walklett
Valaria,Bonnar
Tan,Currer
Pascale,Blunsom
Danice,Ricca
Freeland,Ramsier
Charmine,Rosle
Nikola,Hazlewood
Sherill,Stammer
Michele,Adderley
Siward,Gaskarth
Adele,Hymas
Ernestine,Millican
Siobhan,Gartshore
Eugen,Raistrick
Nels,Maffioletti
Wilbert,Orsman
Becca,Wesgate
Becky,Bortoletti
Doralin,Gutridge
Cloe,Silbert
Aggie,Chimenti
Caryn,Wilne
Ianthe,Wolsey
Griffith,Briand
Rab,Hourahan
Graham,Cheevers
Luci,Douch
Zolly,La Batie
Gordie,Tuiller
Lelia,Rudland
Lib,Hibling
Aeriell,St Quenin
Ilysa,Brawson
Shirline,Cockett
Faye,Wisham
Zelda,Jayume
Fielding,Wrixon
Laryssa,Dozdill
Gery,McFayden
Boigie,Gerhardt
Winn,Petruskevich
Rozelle,Tumelty
Rosemaria,Stutely
Germain,Pieterick
Valeria,Cisland
Eva,Rimer
Hamnet,Conisbee
Waiter,Challenor
Sherwin,Panther
Judith,Kasman
Allin,Robbe
Libbie,Merrifield
Rozina,Oertzen
Xymenes,Reddish
Ansel,Round
Evelyn,Woodson
Mirella,Merveille
Tadeas,Janoschek
Angelique,Hartfleet
Audry,Battyll
Thelma,Birkenhead
Issie,Boulton
Jefferey,Gout
Krishnah,Kubalek
Noble,Lovering
Alicia,Sogg
Hatty,Zellick
Cherrita,Christiensen
Eula,Andrag
Woodman,Gately
Khalil,Lochrie
Candy,Skipsey
Mariquilla,Sellors
Alanna,Negal
Tiff,Seeler
Mel,Sumers
Tyrus,Vanyukhin
Clemmy,Ashling
Reeta,Broughton
Cate,Osgood
Red,Pressdee
Rodolfo,Johnikin
Zulema,Polkinhorn
Jacynth,Redish
Axel,Behnen
Harry,Rivel
Avram,Seeds
Randie,Beecheno
Karin,Blockley
Gabbi,Greeve
Michal,Bussy
Giacobo,Curwood
Ajay,Redan
Abdel,Laffoley-Lane
Constantine,Jancar
Gradeigh,Toyer
Georgia,Kiely
Waylen,Stenners
Elliot,Rouff
Dante,McMaster
Sam,Broadwell
Garold,McKnish
Wilt,McGettrick
Stella,Darby
Willi,Paterno
Hashim,Rillstone
Sanderson,Whettleton
Kiel,Swaddle
Gerta,Shapera
Amandie,Asey
Sinclair,Menary
Sybyl,Barthropp
Lucien,Dungey
Xenia,Fricke
Vitia,Wagon
Blanca,Bentick
Willdon,Pouton
Carissa,Pursglove
Hamil,Longega
Ryley,Keddey
Julius,Sreenan
Reilly,Gurnell
Lorita,Beachamp
Martita,Ianni
Milton,Pursehouse
Miranda,Willgrass
Theresina,Melton
Lennie,Rycraft
Johna,Poad
Astrid,Vossgen
Marchelle,Kefford
Barry,Kramer
Audra,Grigolon
Janine,Boldra
Jackelyn,Kohneke
Lil,Krale
Maia,Broxton
Darb,Kulver
Candy,Conring
Merwyn,Mougin
Kare,Tofano
Caren,Mate
Rosco,Issakov
Gilberto,Copestake
Svend,Biagini
Levey,Vedekhin
Saraann,Prudence
Leeanne,Beig
Cyndi,Bagg
Harriett,Saiens
Stu,Predohl
Erastus,Kill
Nani,Iaduccelli
Torrin,Worthington
Brandy,Jerson
Lucas,Elloy
Kellina,Borgars
Jackie,Ledram
Bree,Rivard
Link,Divisek
Ambrosi,Thring
Eleonora,Tunnacliffe
Claudianus,Lurriman
Patty,Cattow
Odille,Pawlett
Dale,Cund
Waly,Oliff
Bert,Treat
Bobbie,Crosthwaite
Walsh,Snelle
Franklyn,Lorenzetti
Darleen,Smeed
Coretta,Guillond
Marna,Kyllford
Kali,Filyakov
Charyl,Paule
Filip,Munden
Teddie,Kliner
Belia,Sennett
Louise,Lazare
Pat,Hazel
Gris,Killock
Dorolisa,McKissack
Binky,Riddington
Filmore,Faulder
Tonie,Cuthbertson
Cahra,Nuzzti
Bari,Brocklebank
Jethro,Bubb
Kyrstin,Cornall
Aura,Muge
Terry,Easman
Lauralee,Winyard
Rosaleen,Lauga
Kathi,Carter
Jerrold,Counsell
Dag,Chadbourne
Damara,Lewcock
Lonnie,Jeannaud
Caspar,Coppenhall
Mal,Agates
Doti,Pavy
Rosalie,Vedeniktov
Concordia,Cooke
Chrysler,Butters
Fairfax,Glaysher
Giorgi,Hullbrook
Ange,Hawtrey
Alphonse,Cawkill
Alano,Hache
Kevyn,Millson
Lillian,Gunnell
Harlie,Shergill
Thor,Biggs
Chick,Camerana
Marrilee,Sword
Riley,MacCleod
Adlai,Winny
Ella,Portwaine
Astrid,Pesticcio
Ugo,Downham
Venus,Jessopp
Barbee,Courcey
Hannis,Piolli
Flo,Dodgson
Derron,Gallienne
Phylis,Streeton
Dev,Stroyan
Asa,Millar
Carroll,MacPaden
Lion,Newey
Helena,Esley
Myron,Ballham
Dede,Grimsditch
Randa,Cadman
Sasha,Abdie
Johann,Richings
Jude,Betteney
Asa,Bissex
Gael,Sandlin
Antonie,Bonder
Sallie,Slinger
Marven,Bachelar
Raven,Lethlay
Rabbi,Denyukin
Lind,Friend
Cly,Upstone
Caitrin,McTrustie
Cross,Carpenter
Mabel,Bantham
Laurella,Pattillo
Mikey,Chatan
Carolus,Kelston
Pincus,Smallcombe
Donnajean,Ibberson
Kimmi,Mollitt
Hill,Kitcatt
Sharona,Birks
Kippie,Kanter
Jabez,Hynde
Hazel,Palia
Jessalin,Lamps
Slade,Linzey
Tabbie,Heckney
Aleda,Woolveridge
Dixie,Zorro
Wash,Coyle
Ingunna,Signori
Phaedra,Rame
Nikolaus,Goosey
Linnie,Blunden
Vivie,Darell
Nat,Richemont
Tedmund,Emmott
Helaine,Garrick
Hussein,Dugget
Kimberly,Parham
Felipe,Tohill
Vincent,Rawsthorn
Katleen,Gossage
Joletta,Musgrove
Chere,Ochterlony
Rori,Youings
Enoch,Colquit
Audrey,Gheorghe
Annis,Crimpe
Orsa,Lilywhite
Lynnelle,Jago
Sylvan,Dabney
Becky,Cozzi
Georgianna,Allderidge
Geoffry,Mapam
Riccardo,Bruford
Val,Castelletto
Christin,Mitchenson
Hinda,Attew
Melania,Dane
Chandler,Harbour
Jarrid,Dollen
Elonore,Goshawk
Putnam,Symondson
Marge,Paullin
Trefor,Calyton
Nefen,Laite
Edin,Plait
Tyrus,Littefair
Jordan,Zaniolini
Tiphany,Harewood
Mirilla,Gutowska
Kirk,Handasyde
Theresita,Filipczynski
Sybyl,Verrechia
Zollie,Britney
Shaylynn,Maharg
Aimee,Mensler
Mil,Pepys
Darrelle,Elves
Thorvald,Philippeaux
Bartel,Eddy
Baxie,Zimmermeister
Hasheem,Lodder
Ashlen,Mehaffey
Amalea,Smiley
Travus,Parrington
Angel,Lohering
Carmela,Pimley
Helena,Griffey
Mort,Scroggins
Corey,Corah
Jamie,Chastel
Karlie,Jent
Rodrick,VanBrugh
Kailey,Minney
Stephi,Simonite
Alister,Haward
Conrad,Jacques
Xylina,Natalie
Augusto,Huntar
Brynn,Pudge
Con,Orteu
Jefferey,Shirt
Kimberly,Dyer
Nellie,Pelham
Corey,Yes
Lorant,Dewhurst
Berni,Beilby
Siobhan,Temporal
Ozzy,Reskelly
Silas,Tolman
Quinton,Muzzini
Valeda,Shall
Krishna,Cominotti
Eirena,Sandall
Jenilee,Chaim
Darci,Kuhlen
Filmore,Curnokk
Clerc,Wellington
Marcello,Steaning
Lydia,Neads
Glen,Horlick
Kenn,Tupling
Druci,Salan
Greggory,Scholer
Alick,Powland
Nikolaos,Bootton
Lilly,Girkins
Che,Garlic
Lorraine,Wickmann
Averyl,Quaintance
Trixie,Shardlow
Laurence,Messier
Janis,Cliffe
Bogart,Copperwaite
Kendrick,Mordaunt
Tadeas,Ponten
Benjamen,Ancell
Shaun,Tunnock
Peder,Attewell
Viola,Kearns
Randy,Britney
Myrtie,Heart
Wash,Waywell
Norene,Ritter
Noni,Lyndon
Gerry,Elsom
Camala,Wolters
Egbert,Minard
Prentice,Wiseman
Elliott,Langdridge
Georgina,Pifford
Matilda,Belden
Tybie,Jolliss
Laney,Peacocke
Lydie,Kinge
Arleyne,Sawdy
Lindsay,Padly
Donaugh,Sommerling
Pauletta,McPharlain
Moyna,Wiersma
Filberte,Rain
Bennie,Bryns
Davita,Penn
Tess,Bates
Niall,Munroe
Vladamir,Stormonth
Willy,Damrel
Christophorus,Mateescu
Jeanine,Clissett
Raphaela,Gullis
Ernie,Jone
Sid,Langfitt
Thebault,Zimek
Jacklyn,Simioli
Hedvige,Lyness
Chic,Lundbech
Patric,Porteous
Donnie,Bellon
Emogene,Tunnock
Raddy,Tierny
Gauthier,MacMorland
Berty,Pagitt
Hailey,Dartan
